cdate,cp,pctlead,slope2,slope3,slope4,slope5,slope6,slope7,slope8,slope9,dow,moy,keras1,keras2
2006-01-03,1268.80000,0.36730,0.57130,0.28190,0.24380,0.00220,0.00900,0.06810,0.09100,0.07830,0.02000,0.01000,0.51746,0.49015
2006-01-04,1273.46000,0.00160,0.99010,0.50230,0.30310,0.26840,0.06350,0.06050,0.10570,0.12180,0.03000,0.01000,0.51746,0.50151
2006-01-05,1273.48000,0.93990,0.18370,0.66020,0.37640,0.24230,0.22360,0.05460,0.05310,0.09400,0.04000,0.01000,0.46140,0.45620
2006-01-06,1285.45000,0.36560,0.46860,0.43450,0.72850,0.48870,0.35880,0.32620,0.16590,0.15220,0.05000,0.01000,0.46432,0.47304
2006-01-09,1290.15000,-0.03570,0.64720,0.43360,0.41680,0.65490,0.46770,0.35960,0.33110,0.18840,0.01000,0.01000,0.51040,0.50151
2006-01-10,1289.68990,0.34820,0.16440,0.41940,0.31580,0.32580,0.53900,0.39500,0.30950,0.28970,0.02000,0.01000,0.44231,0.44878
2006-01-11,1294.18010,-0.62740,0.15600,0.22530,0.40120,0.32210,0.32930,0.51130,0.38890,0.31370,0.03000,0.01000,0.40587,0.44873
2006-01-12,1286.06010,0.12050,-0.14070,-0.10570,0.01180,0.19520,0.16320,0.19190,0.36810,0.27490,0.04000,0.01000,0.46271,0.50151
2006-01-13,1287.61000,-0.36350,-0.25530,-0.05380,-0.04920,0.03350,0.18270,0.15710,0.18300,0.34050,0.05000,0.01000,0.45352,0.44873
2006-01-17,1282.93010,-0.38970,-0.12180,-0.29170,-0.13120,-0.11210,-0.03260,0.10480,0.09200,0.12220,0.02000,0.01000,0.50200,0.50651
2006-01-18,1277.93010,0.55640,-0.37800,-0.21130,-0.31650,-0.18290,-0.15830,-0.08350,0.04320,0.03860,0.03000,0.01000,0.50516,0.50151
2006-01-19,1285.04000,-1.83260,0.08230,-0.06680,-0.01990,-0.14240,-0.06030,-0.05680,-0.00400,0.09980,0.04000,0.01000,0.51746,0.50151
2006-01-20,1261.49000,0.18470,-0.64560,-0.56060,-0.51140,-0.38420,-0.42560,-0.31420,-0.27920,-0.20740,0.05000,0.01000,0.49682,0.50151
2006-01-23,1263.81990,0.24050,-0.84030,-0.37030,-0.37560,-0.37340,-0.29040,-0.33940,-0.25270,-0.22840,0.01000,0.01000,0.55713,0.53871
2006-01-24,1266.86000,-0.17210,0.21220,-0.47940,-0.21800,-0.25290,-0.27170,-0.21510,-0.26750,-0.19840,0.02000,0.01000,0.53350,0.50454
2006-01-25,1264.68010,0.72350,0.03400,0.08410,-0.40260,-0.20890,-0.23950,-0.25760,-0.20980,-0.25700,0.03000,0.01000,0.59182,0.50151
2006-01-26,1273.83000,0.77640,0.27460,0.26300,0.24340,-0.17710,-0.05380,-0.10230,-0.13540,-0.10670,0.04000,0.01000,0.51746,0.46588
2006-01-27,1283.72000,0.11450,0.74450,0.44110,0.39100,0.34990,-0.01730,0.06510,0.00780,-0.03390,0.05000,0.01000,0.51746,0.46179
2006-01-30,1285.18990,-0.39760,0.44220,0.53370,0.35890,0.33530,0.31030,0.00170,0.07130,0.01970,0.01000,0.01000,0.51746,0.48085
2006-01-31,1280.08000,0.18590,-0.14190,0.16240,0.30060,0.20700,0.21240,0.20850,-0.04870,0.01880,0.02000,0.01000,0.42691,0.45891
2006-02-01,1282.46000,-0.90610,-0.10650,-0.03270,0.16820,0.27760,0.20340,0.20860,0.20560,-0.02250,0.03000,0.02000,0.44682,0.44873
2006-02-02,1270.84000,-0.53590,-0.36190,-0.37430,-0.25160,-0.04670,0.08020,0.04450,0.06880,0.08150,0.04000,0.02000,0.47537,0.50151
2006-02-03,1264.03000,0.07830,-0.72710,-0.42040,-0.41510,-0.30850,-0.12780,-0.00730,-0.02770,0.00180,0.05000,0.02000,0.42774,0.47977
2006-02-06,1265.02000,-0.80950,-0.23010,-0.45900,-0.29630,-0.31700,-0.24450,-0.09860,0.00330,-0.01600,0.01000,0.02000,0.58266,0.54536
2006-02-07,1254.78000,0.86630,-0.36710,-0.42440,-0.54760,-0.39920,-0.39920,-0.32510,-0.18700,-0.08640,0.02000,0.02000,0.62735,0.53134
2006-02-08,1265.65000,-0.14770,0.02500,0.04280,-0.10280,-0.26600,-0.18980,-0.22000,-0.17770,-0.07140,0.03000,0.02000,0.54367,0.50151
2006-02-09,1263.78000,0.25400,0.35580,-0.03280,-0.00500,-0.11180,-0.24630,-0.18380,-0.21100,-0.17440,0.04000,0.02000,0.51746,0.50151
2006-02-10,1266.99000,-0.32600,0.05290,0.32160,0.03900,0.04690,-0.05080,-0.17480,-0.12920,-0.15950,0.05000,0.02000,0.48772,0.50205
2006-02-13,1262.86000,1.00330,-0.03640,-0.07350,0.15970,-0.03420,-0.01540,-0.09020,-0.19380,-0.15110,0.01000,0.02000,0.51240,0.47835
2006-02-14,1275.53000,0.35040,0.33640,0.30880,0.19490,0.32760,0.13850,0.12990,0.04640,-0.06080,0.02000,0.02000,0.49481,0.45770
2006-02-15,1280.00000,0.73280,0.67070,0.34070,0.31900,0.22600,0.33120,0.16890,0.15760,0.08040,0.03000,0.02000,0.51746,0.45810
2006-02-16,1289.38000,-0.16600,0.53900,0.68970,0.43840,0.40160,0.31070,0.38860,0.23980,0.22190,0.04000,0.02000,0.45107,0.46608
2006-02-17,1287.24000,-0.32710,0.28100,0.30360,0.47500,0.31670,0.30620,0.24190,0.31850,0.19410,0.05000,0.02000,0.48060,0.44873
2006-02-21,1283.03000,0.75130,-0.24710,0.07850,0.14590,0.31440,0.20890,0.21520,0.17020,0.24620,0.02000,0.02000,0.42538,0.44873
2006-02-22,1292.67000,-0.37750,0.21080,0.08520,0.24590,0.26650,0.38670,0.28630,0.28220,0.23490,0.03000,0.02000,0.50008,0.50151
2006-02-23,1287.79000,0.12740,0.18450,0.01420,-0.03090,0.12100,0.15880,0.27710,0.20280,0.20830,0.04000,0.02000,0.49371,0.50151
2006-02-24,1289.43010,0.36370,-0.12570,0.16540,0.04250,0.00080,0.12200,0.15430,0.25830,0.19430,0.05000,0.02000,0.45655,0.45072
2006-02-27,1294.12000,-1.04010,0.24500,0.03750,0.21480,0.10670,0.06130,0.15650,0.18040,0.27000,0.01000,0.02000,0.51746,0.52287
2006-02-28,1280.66000,0.82610,-0.34060,-0.18450,-0.23310,-0.03680,-0.08510,-0.09670,0.00640,0.04430,0.02000,0.02000,0.50406,0.50151
2006-03-01,1291.24000,-0.16260,-0.11200,0.04680,0.06690,-0.02220,0.10610,0.04440,0.01800,0.09690,0.03000,0.03000,0.48698,0.47336
2006-03-02,1289.14000,-0.14820,0.32860,-0.12900,-0.00560,0.02090,-0.04570,0.06770,0.01840,-0.00210,0.04000,0.03000,0.51746,0.50151
2006-03-03,1287.23000,-0.69680,-0.15560,0.16990,-0.13380,-0.03410,-0.00720,-0.06030,0.04070,-0.00010,0.05000,0.03000,0.47215,0.50234
2006-03-06,1278.26000,-0.18620,-0.42410,-0.33670,-0.04660,-0.24680,-0.14470,-0.10580,-0.13990,-0.04120,0.01000,0.03000,0.49741,0.44873
2006-03-07,1275.88000,0.20300,-0.44440,-0.34520,-0.29940,-0.07440,-0.23680,-0.15060,-0.11580,-0.14510,0.02000,0.03000,0.50878,0.50151
2006-03-08,1278.47000,-0.48810,0.00820,-0.22860,-0.20840,-0.19930,-0.02840,-0.17430,-0.10670,-0.08060,0.03000,0.03000,0.52909,0.50151
2006-03-09,1272.23000,0.72240,-0.14310,-0.15760,-0.29380,-0.26450,-0.24750,-0.09400,-0.21350,-0.14900,0.04000,0.03000,0.49878,0.50151
2006-03-10,1281.42000,0.21150,0.11550,0.14460,0.06190,-0.09100,-0.10060,-0.10960,0.00740,-0.11010,0.05000,0.03000,0.51634,0.50151
2006-03-13,1284.13000,1.03960,0.46380,0.14750,0.16130,0.09180,-0.04040,-0.05590,-0.06940,0.03010,0.01000,0.03000,0.51746,0.51189
2006-03-14,1297.48000,0.42700,0.62210,0.65360,0.37020,0.33680,0.24990,0.11430,0.08130,0.05410,0.02000,0.03000,0.51746,0.46320
2006-03-15,1303.02000,0.17730,0.72640,0.55600,0.59600,0.38130,0.35170,0.27530,0.15370,0.12010,0.03000,0.03000,0.51746,0.47957
2006-03-16,1305.33000,0.14710,0.30100,0.54280,0.46070,0.51150,0.34690,0.32640,0.26290,0.15640,0.04000,0.03000,0.44415,0.44873
2006-03-17,1307.25000,-0.16600,0.16190,0.24950,0.44350,0.39760,0.45020,0.31800,0.30370,0.24980,0.05000,0.03000,0.46125,0.44873
2006-03-20,1305.08000,-0.60150,-0.00960,0.05260,0.14560,0.32140,0.30320,0.36160,0.25700,0.25100,0.01000,0.03000,0.44912,0.44873
2006-03-21,1297.23000,0.60210,-0.38500,-0.20720,-0.11100,-0.00380,0.16760,0.17370,0.24080,0.16100,0.02000,0.03000,0.45950,0.45813
2006-03-22,1305.04000,-0.25820,-0.00150,-0.05660,-0.00560,0.03100,0.09660,0.22930,0.22700,0.28080,0.03000,0.03000,0.48679,0.48054
2006-03-23,1301.67000,0.09830,0.17030,-0.08730,-0.10710,-0.05620,-0.01730,0.04590,0.16830,0.17300,0.04000,0.03000,0.51746,0.50151
2006-03-24,1302.95000,-0.10280,-0.08020,0.14630,-0.04090,-0.06600,-0.03040,-0.00080,0.05250,0.16050,0.05000,0.03000,0.48153,0.50151
2006-03-27,1301.61000,-0.64380,-0.00230,-0.08780,0.08400,-0.05330,-0.07220,-0.04080,-0.01350,0.03520,0.01000,0.03000,0.51746,0.51882
2006-03-28,1293.23000,0.74700,-0.37460,-0.21650,-0.22710,-0.06150,-0.15190,-0.15400,-0.11620,-0.08350,0.02000,0.03000,0.50564,0.50151
2006-03-29,1302.89000,-0.20260,0.04930,-0.00150,0.02350,-0.03310,0.07250,-0.02410,-0.04190,-0.02080,0.03000,0.03000,0.51746,0.50151
2006-03-30,1300.25000,-0.41380,0.26970,-0.03490,-0.05190,-0.02180,-0.06140,0.03320,-0.04640,-0.05980,0.04000,0.03000,0.51746,0.50151
2006-03-31,1294.87000,0.22710,-0.30900,0.04210,-0.12980,-0.12440,-0.08720,-0.11180,-0.02270,-0.08730,0.05000,0.03000,0.46216,0.50151
2006-04-03,1297.81010,0.62570,-0.09410,-0.13050,0.08810,-0.05860,-0.06600,-0.04240,-0.06960,0.00500,0.01000,0.04000,0.51368,0.44993
2006-04-04,1305.93010,0.43110,0.42480,0.14570,0.05850,0.19530,0.05540,0.03280,0.04100,0.00760,0.02000,0.04000,0.51746,0.50151
2006-04-05,1311.56010,-0.19210,0.52530,0.42630,0.21710,0.13320,0.23460,0.10930,0.08270,0.08440,0.03000,0.04000,0.51746,0.45825
2006-04-06,1309.04000,-1.03430,0.11870,0.28600,0.27120,0.13480,0.07870,0.17330,0.07130,0.05200,0.04000,0.04000,0.46632,0.44873
2006-04-07,1295.50000,0.08650,-0.61660,-0.26630,-0.04420,0.00970,-0.06080,-0.08110,0.02180,-0.05220,0.05000,0.04000,0.42588,0.44873
2006-04-10,1296.62000,-0.77510,-0.47910,-0.38300,-0.17860,-0.01830,0.02240,-0.03980,-0.06020,0.02890,0.01000,0.04000,0.47743,0.44873
2006-04-11,1286.56990,0.12050,-0.34570,-0.57930,-0.48170,-0.29790,-0.14400,-0.09120,-0.13160,-0.13950,0.02000,0.04000,0.54528,0.50151
2006-04-12,1288.12000,0.07760,-0.33010,-0.19060,-0.40490,-0.36200,-0.22870,-0.10660,-0.06500,-0.10380,0.03000,0.04000,0.55192,0.50151
2006-04-13,1289.12000,-0.29400,0.09890,-0.19410,-0.12360,-0.30860,-0.28900,-0.18520,-0.08370,-0.04920,0.04000,0.04000,0.54136,0.51604
2006-04-17,1285.33000,1.70770,-0.10840,-0.03210,-0.21930,-0.15780,-0.30630,-0.28980,-0.19880,-0.10700,0.01000,0.04000,0.61168,0.52963
2006-04-18,1307.28000,0.20270,0.70050,0.49360,0.40060,0.16510,0.15190,-0.01950,-0.04130,0.01160,0.02000,0.04000,0.51746,0.46208
2006-04-19,1309.93010,0.11680,0.93990,0.53320,0.42010,0.36050,0.17140,0.15920,0.00860,-0.01400,0.03000,0.04000,0.51746,0.47471
2006-04-20,1311.46000,-0.01370,0.15950,0.66510,0.42850,0.35890,0.31950,0.16350,0.15380,0.02070,0.04000,0.04000,0.52849,0.46402
2006-04-21,1311.28000,-0.24180,0.05150,0.10170,0.49520,0.33960,0.29640,0.27150,0.14110,0.13500,0.05000,0.04000,0.44904,0.45893
2006-04-24,1308.11000,-0.48700,-0.12790,-0.04630,0.01580,0.34790,0.24240,0.21910,0.20690,0.09820,0.01000,0.04000,0.46049,0.48362
2006-04-25,1301.74000,0.28190,-0.36550,-0.24790,-0.15650,-0.08470,0.20910,0.13810,0.13070,0.12950,0.02000,0.04000,0.47996,0.50151
2006-04-26,1305.41000,0.33020,-0.10360,-0.14990,-0.11580,-0.06910,-0.02380,0.21930,0.15600,0.14740,0.03000,0.04000,0.46090,0.45649
2006-04-27,1309.72000,0.06800,0.30510,0.04110,-0.02990,-0.02660,-0.00270,0.02660,0.23310,0.17530,0.04000,0.04000,0.51746,0.50151
2006-04-28,1310.61000,-0.41360,0.19840,0.22590,0.04780,-0.01030,-0.01080,0.00740,0.03180,0.21470,0.05000,0.04000,0.51746,0.50151
2006-05-01,1305.18990,0.61450,-0.17320,-0.00560,0.06600,-0.04470,-0.07770,-0.06850,-0.04530,-0.01780,0.01000,0.05000,0.51294,0.44908
2006-05-02,1313.21000,-0.38760,0.09930,0.08880,0.14890,0.17530,0.06500,0.02110,0.01670,0.02790,0.02000,0.05000,0.50940,0.50151
2006-05-03,1308.12000,0.31570,0.11180,-0.06340,-0.03060,0.04140,0.08130,0.00010,-0.03020,-0.02840,0.03000,0.05000,0.51746,0.50151
2006-05-04,1312.25000,1.02950,-0.03660,0.17950,0.03130,0.03860,0.08700,0.11470,0.03960,0.00820,0.04000,0.05000,0.47092,0.46607
2006-05-05,1325.76000,-0.08300,0.66870,0.31800,0.39110,0.23080,0.20370,0.22160,0.22900,0.14970,0.05000,0.05000,0.51746,0.45862
2006-05-08,1324.66000,0.03620,0.46820,0.41740,0.21720,0.29570,0.17810,0.16240,0.18320,0.19400,0.01000,0.05000,0.51746,0.50151
2006-05-09,1325.14000,-0.17280,-0.02340,0.32420,0.32190,0.18090,0.25220,0.15770,0.14650,0.16670,0.02000,0.05000,0.44829,0.44873
2006-05-10,1322.85000,-1.27980,-0.06840,-0.07330,0.20010,0.22280,0.12170,0.19130,0.11620,0.11080,0.03000,0.05000,0.46706,0.44873
2006-05-11,1305.92000,-1.12410,-0.73110,-0.47400,-0.37590,-0.09580,-0.02780,-0.07900,0.00690,-0.03960,0.04000,0.05000,0.44474,0.50359
2006-05-12,1291.24000,0.25250,-1.21710,-0.86480,-0.63720,-0.52540,-0.26610,-0.18330,-0.20890,-0.11790,0.05000,0.05000,0.43001,0.44965
2006-05-15,1294.50000,-0.18690,-0.44170,-0.72850,-0.58760,-0.46120,-0.39750,-0.19310,-0.12970,-0.15840,0.01000,0.05000,0.62641,0.51665
2006-05-16,1292.08000,-1.68410,0.03250,-0.35690,-0.59360,-0.50810,-0.41600,-0.36780,-0.19240,-0.13600,0.02000,0.05000,0.57965,0.53799
2006-05-17,1270.31990,-0.66990,-0.94360,-0.54240,-0.69150,-0.81390,-0.70490,-0.59700,-0.53170,-0.35680,0.03000,0.05000,0.65647,0.54140
2006-05-18,1261.81010,0.41370,-1.19540,-0.85480,-0.57490,-0.68810,-0.79110,-0.70070,-0.60640,-0.54710,0.04000,0.05000,0.60648,0.48353
2006-05-19,1267.03000,-0.39150,-0.13010,-0.65940,-0.53960,-0.37910,-0.50660,-0.62140,-0.56390,-0.49550,0.05000,0.05000,0.59899,0.50151
2006-05-22,1262.06990,-0.43500,0.01030,-0.21760,-0.59290,-0.51040,-0.38140,-0.49050,-0.59330,-0.54520,0.01000,0.05000,0.56235,0.52318
2006-05-23,1256.58000,0.15840,-0.41490,-0.13820,-0.27220,-0.56190,-0.49830,-0.38920,-0.48390,-0.57620,0.02000,0.05000,0.61376,0.46235
2006-05-24,1258.56990,1.13700,-0.13920,-0.22400,-0.06420,-0.18630,-0.44230,-0.40510,-0.32150,-0.41340,0.03000,0.05000,0.59327,0.50151
2006-05-25,1272.88000,0.57190,0.64390,0.28540,0.11580,0.17520,0.03380,-0.21700,-0.21320,-0.16050,0.04000,0.05000,0.51746,0.50151
2006-05-26,1280.16000,-1.58500,0.84570,0.61860,0.35690,0.20740,0.24150,0.11110,-0.11770,-0.12560,0.05000,0.05000,0.51746,0.50496
2006-05-30,1259.87000,0.81120,-0.51220,0.03410,0.06490,-0.03480,-0.09430,-0.02190,-0.10330,-0.28280,0.02000,0.05000,0.41624,0.44873
2006-05-31,1270.09000,1.22980,-0.39800,-0.07320,0.22660,0.21300,0.10560,0.03450,0.08180,-0.00200,0.03000,0.05000,0.43498,0.44873
2006-06-01,1285.71000,0.19520,1.01100,0.14550,0.25180,0.42610,0.38190,0.26610,0.18410,0.20940,0.04000,0.06000,0.51746,0.50579
2006-06-02,1288.22000,-1.78000,0.70440,0.73750,0.15790,0.24030,0.38720,0.35490,0.25710,0.18530,0.05000,0.06000,0.48557,0.46945
2006-06-05,1265.29000,-0.11380,-0.79970,-0.12500,0.10610,-0.23350,-0.09920,0.07530,0.08560,0.02820,0.01000,0.06000,0.34934,0.44873
2006-06-06,1263.85000,-0.60920,-0.96360,-0.57260,-0.12230,0.06240,-0.21370,-0.10130,0.05180,0.06350,0.02000,0.06000,0.46108,0.45423
2006-06-07,1256.15000,0.14170,-0.36270,-0.84720,-0.58260,-0.21920,-0.04880,-0.27010,-0.16450,-0.02110,0.03000,0.06000,0.54468,0.46341
2006-06-08,1257.93010,-0.44760,-0.23550,-0.19480,-0.60060,-0.43880,-0.15960,-0.02180,-0.21910,-0.13080,0.04000,0.06000,0.50860,0.50151
2006-06-09,1252.30000,-1.18660,-0.15340,-0.30670,-0.25820,-0.57060,-0.44050,-0.20060,-0.07470,-0.24440,0.05000,0.06000,0.58473,0.50151
2006-06-12,1237.43990,-1.11120,-0.82300,-0.49920,-0.52780,-0.44430,-0.67410,-0.54720,-0.32300,-0.19720,0.01000,0.06000,0.68271,0.60252
2006-06-13,1223.68990,0.51890,-1.16250,-0.92210,-0.65290,-0.64490,-0.55530,-0.73690,-0.61740,-0.40950,0.02000,0.06000,0.66468,0.47878
2006-06-14,1230.04000,2.12350,-0.30160,-0.60310,-0.56420,-0.42100,-0.45340,-0.40420,-0.58260,-0.49380,0.03000,0.06000,0.57607,0.50151
2006-06-15,1256.16000,-0.36780,1.30600,0.50460,0.07800,-0.02860,0.00010,-0.08830,-0.09150,-0.28520,0.04000,0.06000,0.36168,0.46198
2006-06-16,1251.54000,-0.91170,0.85740,0.74510,0.28420,-0.01230,-0.08580,-0.05290,-0.12350,-0.12240,0.05000,0.06000,0.51746,0.49979
2006-06-19,1240.13000,-0.00080,-0.64330,0.26920,0.33030,0.04340,-0.16360,-0.20480,-0.16100,-0.21170,0.01000,0.06000,0.45355,0.44873
2006-06-20,1240.12000,0.97410,-0.46040,-0.42980,0.20210,0.26420,0.03600,-0.14030,-0.17930,-0.14330,0.02000,0.06000,0.46490,0.46693
2006-06-21,1252.20000,-0.52710,0.48430,0.01770,-0.07950,0.35510,0.38170,0.16980,-0.00100,-0.05120,0.03000,0.06000,0.51746,0.50151
2006-06-22,1245.60000,-0.08830,0.21940,0.14630,-0.11930,-0.16950,0.20790,0.25140,0.08210,-0.05990,0.04000,0.06000,0.46754,0.46229
2006-06-23,1244.50000,0.48690,-0.30920,0.11700,0.08770,-0.11310,-0.15600,0.16560,0.20890,0.06310,0.05000,0.06000,0.40863,0.44873
2006-06-26,1250.56010,-0.90840,0.19880,-0.04380,0.20910,0.16730,-0.01310,-0.06420,0.20560,0.23970,0.01000,0.06000,0.54273,0.55372
2006-06-27,1239.20000,0.54870,-0.21290,-0.17140,-0.26110,-0.01480,-0.01240,-0.14160,-0.17020,0.08160,0.02000,0.06000,0.51746,0.52207
2006-06-28,1246.00000,2.15650,-0.18350,0.04020,0.00800,-0.09960,0.07860,0.06730,-0.05560,-0.09060,0.03000,0.06000,0.47763,0.45239
2006-06-29,1272.87000,-0.20980,1.33670,0.59370,0.56640,0.43610,0.27560,0.37420,0.32770,0.18990,0.04000,0.06000,0.50011,0.48861
2006-06-30,1270.20000,0.78650,0.95160,0.81810,0.39060,0.40930,0.32700,0.20530,0.30020,0.26700,0.05000,0.06000,0.51746,0.45890
2006-07-03,1280.18990,-0.72490,0.28700,0.89430,0.80860,0.46970,0.47220,0.39290,0.27850,0.35460,0.01000,0.07000,0.31688,0.44873
2006-07-05,1270.91000,0.24940,0.02780,-0.05130,0.48900,0.50010,0.26850,0.29910,0.25120,0.16530,0.03000,0.07000,0.45901,0.44955
2006-07-06,1274.08000,-0.67500,-0.24010,0.10140,0.02370,0.44090,0.45810,0.26570,0.29280,0.25100,0.04000,0.07000,0.43484,0.47950
2006-07-07,1265.48000,0.14700,-0.21380,-0.38600,-0.09270,-0.11620,0.25520,0.29600,0.14740,0.18450,0.05000,0.07000,0.49061,0.44873
2006-07-10,1267.34000,0.40160,-0.26610,-0.09380,-0.25310,-0.04500,-0.07250,0.23970,0.27730,0.14740,0.01000,0.07000,0.41121,0.44951
2006-07-11,1272.43010,-1.08690,0.27360,-0.04340,0.02990,-0.12220,0.02920,-0.00490,0.25980,0.29100,0.02000,0.07000,0.54979,0.44873
2006-07-12,1258.60000,-1.29670,-0.34530,-0.18110,-0.30570,-0.19420,-0.28370,-0.13050,-0.14050,0.11020,0.03000,0.07000,0.50878,0.50812
2006-07-13,1242.28000,-0.48940,-1.20560,-0.66410,-0.46030,-0.50430,-0.37770,-0.42830,-0.27560,-0.26830,0.04000,0.07000,0.52912,0.45839
2006-07-14,1236.20000,-0.13830,-0.90380,-0.96950,-0.62160,-0.46650,-0.50220,-0.39370,-0.43610,-0.29910,0.05000,0.07000,0.51298,0.44873
2006-07-17,1234.49000,0.19200,-0.31530,-0.64930,-0.76310,-0.52610,-0.41260,-0.45110,-0.36240,-0.40360,0.01000,0.07000,0.50454,0.52543
2006-07-18,1236.86000,1.85550,0.02670,-0.14620,-0.43920,-0.57290,-0.40740,-0.32720,-0.37170,-0.30170,0.02000,0.07000,0.63064,0.50151
2006-07-19,1259.81010,-0.84780,1.01420,0.63280,0.35290,0.01950,-0.16900,-0.08610,-0.05670,-0.12660,0.03000,0.07000,0.53083,0.48439
2006-07-20,1249.13000,-0.70770,0.48910,0.39080,0.25960,0.11020,-0.12700,-0.26730,-0.18230,-0.14520,0.04000,0.07000,0.51746,0.47735
2006-07-21,1240.29000,1.66250,-0.78410,0.09150,0.11630,0.06580,-0.02670,-0.21050,-0.32280,-0.24090,0.05000,0.07000,0.38323,0.44873
2006-07-24,1260.91000,0.63210,0.47100,0.02930,0.48000,0.42290,0.33030,0.21370,0.02320,-0.10270,0.01000,0.07000,0.51746,0.49386
2006-07-25,1268.88000,-0.03780,1.13010,0.52390,0.18070,0.51000,0.45760,0.37350,0.26640,0.09160,0.02000,0.07000,0.49777,0.45795
2006-07-26,1268.40000,-0.41000,0.29520,0.74010,0.38250,0.13660,0.41790,0.38600,0.32140,0.23210,0.03000,0.07000,0.40425,0.44873
2006-07-27,1263.20000,1.21520,-0.22440,0.06030,0.45260,0.22330,0.04490,0.29900,0.28570,0.23930,0.04000,0.07000,0.47167,0.44873
2006-07-28,1278.55000,-0.14780,0.39930,0.25380,0.34730,0.60350,0.38810,0.21220,0.41320,0.38900,0.05000,0.07000,0.51588,0.50151
2006-07-31,1276.66000,-0.44960,0.52680,0.21630,0.15290,0.24780,0.47750,0.31080,0.16670,0.35020,0.01000,0.07000,0.46925,0.44873
2006-08-01,1270.92000,0.51070,-0.29950,0.20180,0.04950,0.03210,0.13130,0.34460,0.21520,0.09770,0.02000,0.08000,0.40639,0.44873
2006-08-02,1277.41000,0.22390,0.02940,-0.02980,0.27840,0.14150,0.11170,0.18530,0.36520,0.24800,0.03000,0.08000,0.50687,0.44873
2006-08-03,1280.27000,-0.07110,0.36560,0.09430,0.03370,0.26740,0.15520,0.12780,0.19010,0.34930,0.04000,0.08000,0.51746,0.50151
2006-08-04,1279.36000,-0.28060,0.07620,0.22000,0.05290,0.01270,0.21090,0.12280,0.10280,0.16090,0.05000,0.08000,0.50667,0.50151
2006-08-07,1275.77000,-0.33630,-0.17610,-0.04280,0.09490,-0.01390,-0.03630,0.14060,0.07220,0.06010,0.01000,0.08000,0.46150,0.44873
2006-08-08,1271.48000,-0.43490,-0.30940,-0.22970,-0.11610,0.00880,-0.06770,-0.07920,0.08110,0.02680,0.02000,0.08000,0.53795,0.51651
2006-08-09,1265.95000,0.46290,-0.38700,-0.35170,-0.28120,-0.17980,-0.06500,-0.12010,-0.12360,0.02400,0.03000,0.08000,0.51183,0.50151
2006-08-10,1271.81010,-0.39860,0.01300,-0.10400,-0.14850,-0.13290,-0.07330,0.01000,-0.04760,-0.05880,0.04000,0.08000,0.51746,0.50151
2006-08-11,1266.74000,0.11600,0.03110,-0.12460,-0.17790,-0.19870,-0.17730,-0.11970,-0.04100,-0.08660,0.05000,0.08000,0.52251,0.50151
2006-08-14,1268.21000,1.36960,-0.14200,0.05940,-0.06450,-0.11920,-0.14630,-0.13550,-0.09040,-0.02370,0.01000,0.08000,0.57463,0.52489
2006-08-15,1285.58000,0.76620,0.73770,0.36040,0.38550,0.22180,0.12860,0.06980,0.05210,0.07130,0.02000,0.08000,0.51746,0.45805
2006-08-16,1295.43010,0.15820,1.05460,0.74530,0.46170,0.46150,0.31290,0.22030,0.15750,0.13210,0.03000,0.08000,0.51746,0.46887
2006-08-17,1297.48000,0.37150,0.45890,0.75470,0.59730,0.40030,0.41030,0.29050,0.21240,0.15760,0.04000,0.08000,0.54181,0.47507
2006-08-18,1302.30000,-0.36700,0.26430,0.42920,0.65800,0.55140,0.39520,0.40440,0.30060,0.23020,0.05000,0.08000,0.44490,0.45434
2006-08-21,1297.52000,0.10020,0.00150,0.05360,0.22990,0.45240,0.39730,0.28520,0.30700,0.22540,0.01000,0.08000,0.48181,0.44873
2006-08-22,1298.81990,-0.44890,-0.13400,0.03440,0.06520,0.20400,0.39360,0.35470,0.26190,0.28380,0.02000,0.08000,0.43450,0.44873
2006-08-23,1292.99000,0.23740,-0.17480,-0.23940,-0.08650,-0.03760,0.09520,0.27320,0.25390,0.18250,0.03000,0.08000,0.45235,0.44885
2006-08-24,1296.06010,-0.07480,-0.10660,-0.03760,-0.12030,-0.02190,0.00810,0.11540,0.26870,0.25200,0.04000,0.08000,0.49738,0.50151
2006-08-25,1295.09000,0.51660,0.08100,-0.09600,-0.04690,-0.11130,-0.03070,-0.00370,0.09170,0.23050,0.05000,0.08000,0.51746,0.50151
2006-08-28,1301.78000,0.19200,0.22030,0.22580,0.05710,0.06570,-0.00670,0.04730,0.06120,0.13870,0.01000,0.08000,0.52295,0.50151
2006-08-29,1304.28000,0.08360,0.35260,0.21070,0.21720,0.08410,0.08680,0.02180,0.06550,0.07570,0.02000,0.08000,0.51746,0.50151
2006-08-30,1305.37000,-0.11870,0.13760,0.26280,0.17880,0.19040,0.08400,0.08630,0.02950,0.06750,0.03000,0.08000,0.49774,0.45001
2006-08-31,1303.81990,0.55150,-0.01760,0.05210,0.16740,0.11920,0.13870,0.05490,0.06060,0.01300,0.04000,0.08000,0.49795,0.45227
2006-09-01,1311.01000,0.17090,0.21570,0.17170,0.17670,0.24390,0.19110,0.19760,0.11710,0.11520,0.05000,0.09000,0.49990,0.47167
2006-09-05,1313.25000,-0.98910,0.35930,0.20060,0.17140,0.17540,0.23160,0.18820,0.19420,0.12310,0.02000,0.09000,0.51017,0.50151
2006-09-06,1300.26000,-0.47990,-0.41130,-0.09070,-0.09770,-0.06150,-0.01940,0.05660,0.04020,0.06200,0.03000,0.09000,0.46050,0.44873
2006-09-07,1294.02000,0.37870,-0.74120,-0.43480,-0.18780,-0.17400,-0.13110,-0.08500,-0.01030,-0.01740,0.04000,0.09000,0.44971,0.44873
2006-09-08,1298.92000,0.04770,-0.05170,-0.36810,-0.23220,-0.07520,-0.08250,-0.05870,-0.02740,0.03260,0.05000,0.09000,0.51746,0.50151
2006-09-11,1299.54000,1.03570,0.21240,-0.01850,-0.26400,-0.17630,-0.05480,-0.06390,-0.04550,-0.01910,0.01000,0.09000,0.57935,0.50731
2006-09-12,1313.00000,0.38610,0.53890,0.48520,0.24470,-0.00380,0.02550,0.10050,0.07310,0.07430,0.02000,0.09000,0.46036,0.45063
2006-09-13,1318.06990,-0.13580,0.70430,0.48720,0.45990,0.27300,0.06160,0.07730,0.13640,0.10810,0.03000,0.09000,0.51746,0.45956
2006-09-14,1316.28000,0.25680,0.12450,0.42410,0.33090,0.34010,0.20430,0.03320,0.05040,0.10590,0.04000,0.09000,0.48726,0.45192
2006-09-15,1319.66000,0.11520,0.06030,0.16840,0.38200,0.31580,0.32600,0.21180,0.06130,0.07350,0.05000,0.09000,0.47086,0.45576
2006-09-18,1321.18010,-0.26790,0.18550,0.07860,0.15510,0.32850,0.28220,0.29560,0.19960,0.06730,0.01000,0.09000,0.49557,0.47302
2006-09-19,1317.64000,0.57220,-0.07660,0.03440,-0.00820,0.07040,0.22890,0.20340,0.22490,0.14730,0.02000,0.09000,0.47659,0.49795
2006-09-20,1325.18010,-0.53960,0.15140,0.13930,0.16840,0.10770,0.15380,0.27780,0.24940,0.26340,0.03000,0.09000,0.46846,0.44873
2006-09-21,1318.03000,-0.24660,0.01480,-0.07950,-0.03090,0.02650,-0.00050,0.05450,0.17530,0.16130,0.04000,0.09000,0.51746,0.50151
2006-09-22,1314.78000,0.88150,-0.39500,-0.07230,-0.12130,-0.07400,-0.01890,-0.03560,0.01690,0.12850,0.05000,0.09000,0.47056,0.45035
2006-09-25,1326.37000,0.75240,0.31580,0.03010,0.16520,0.07860,0.08470,0.10920,0.07860,0.11260,0.01000,0.09000,0.51746,0.50151
2006-09-26,1336.35000,0.01800,0.81010,0.46060,0.21090,0.28260,0.19110,0.18020,0.18970,0.15370,0.02000,0.09000,0.50514,0.50151
2006-09-27,1336.59000,0.17130,0.38230,0.54530,0.34930,0.17200,0.23810,0.16610,0.15980,0.17040,0.03000,0.09000,0.46730,0.45632
2006-09-28,1338.88000,-0.22630,0.09460,0.31180,0.45150,0.31340,0.17190,0.22850,0.16680,0.16100,0.04000,0.09000,0.46236,0.44873
2006-09-29,1335.85000,-0.33910,-0.02770,-0.01250,0.17730,0.31570,0.22310,0.11460,0.17130,0.12280,0.05000,0.09000,0.48634,0.45194
2006-10-02,1331.31990,0.20960,-0.28340,-0.13160,-0.09410,0.07410,0.20660,0.14260,0.05770,0.11430,0.01000,0.10000,0.48183,0.47179
2006-10-03,1334.11000,1.20600,-0.06530,-0.11920,-0.04640,-0.03350,0.09660,0.20700,0.15090,0.07460,0.02000,0.10000,0.47564,0.46586
2006-10-04,1350.20000,0.22370,0.70330,0.35740,0.21150,0.20340,0.17250,0.25450,0.33130,0.26800,0.03000,0.10000,0.47285,0.46146
2006-10-05,1353.22000,-0.26820,0.70690,0.54240,0.32350,0.21390,0.20670,0.17980,0.25050,0.31920,0.04000,0.10000,0.50469,0.44873
2006-10-06,1349.59000,0.07930,-0.02260,0.38190,0.33910,0.20450,0.13300,0.13840,0.12340,0.19240,0.05000,0.10000,0.45900,0.44873
2006-10-09,1350.66000,0.20430,-0.09480,0.01140,0.30630,0.28700,0.18350,0.12530,0.13100,0.11850,0.01000,0.10000,0.48983,0.44873
2006-10-10,1353.42000,-0.25640,0.14160,0.00490,0.05960,0.28580,0.27310,0.18650,0.13520,0.13910,0.02000,0.10000,0.51746,0.50151
2006-10-11,1349.95000,0.95410,-0.02630,0.00890,-0.06050,-0.00370,0.19540,0.19730,0.13090,0.09140,0.03000,0.10000,0.48925,0.50151
2006-10-12,1362.83000,0.20470,0.34690,0.29930,0.24440,0.14200,0.15550,0.30330,0.29170,0.22230,0.04000,0.10000,0.46685,0.44873
2006-10-13,1365.62000,0.25190,0.57430,0.29910,0.27540,0.23630,0.15250,0.16260,0.29080,0.28190,0.05000,0.10000,0.51746,0.50151
2006-10-16,1369.06010,-0.36590,0.22780,0.46640,0.28710,0.27060,0.23890,0.16670,0.17380,0.28640,0.01000,0.10000,0.43041,0.45274
2006-10-17,1364.05000,0.12830,-0.05740,0.02980,0.25820,0.15610,0.16400,0.15200,0.09970,0.11340,0.02000,0.10000,0.49435,0.44873
2006-10-18,1365.80000,0.08490,-0.11940,0.00440,0.05440,0.23220,0.15140,0.15890,0.14900,0.10290,0.03000,0.10000,0.47719,0.44873
2006-10-19,1366.96000,0.12000,0.10650,-0.05130,0.02450,0.06050,0.20760,0.14190,0.14960,0.14180,0.04000,0.10000,0.51746,0.50151
2006-10-20,1368.60000,0.61520,0.10240,0.11090,-0.00840,0.04360,0.07040,0.19500,0.13910,0.14630,0.05000,0.10000,0.49637,0.49213
2006-10-23,1377.02000,0.02610,0.36640,0.27280,0.23670,0.11630,0.13880,0.14820,0.24740,0.19200,0.01000,0.10000,0.46549,0.50151
2006-10-24,1377.38000,0.35140,0.31880,0.25270,0.21090,0.19440,0.10120,0.12260,0.13280,0.22270,0.02000,0.10000,0.51746,0.48727
2006-10-25,1382.22000,0.49630,0.18840,0.32930,0.27720,0.23890,0.22060,0.13710,0.15130,0.15720,0.03000,0.10000,0.50993,0.44964
2006-10-26,1389.08000,-0.84520,0.42220,0.29070,0.37060,0.32080,0.28180,0.26000,0.18210,0.18980,0.04000,0.10000,0.51746,0.45576
2006-10-27,1377.34000,0.04280,-0.17640,-0.00100,0.00580,0.12660,0.12550,0.11970,0.12080,0.06690,0.05000,0.10000,0.47116,0.44957
2006-10-30,1377.93010,0.00070,-0.40470,-0.10350,0.01000,0.01320,0.11270,0.11370,0.11010,0.11210,0.01000,0.10000,0.42711,0.44873
2006-10-31,1377.93990,-0.73510,0.02180,-0.26950,-0.07750,0.00810,0.01110,0.09670,0.09960,0.09790,0.02000,0.10000,0.51746,0.50151
2006-11-01,1367.81010,-0.03440,-0.36860,-0.23110,-0.38670,-0.20910,-0.11570,-0.09540,-0.00720,0.00690,0.03000,0.11000,0.56497,0.52485
2006-11-02,1367.34000,-0.22230,-0.38750,-0.25750,-0.18210,-0.31650,-0.18020,-0.10420,-0.08790,-0.01020,0.04000,0.11000,0.51438,0.45563
2006-11-03,1364.30000,1.13460,-0.12850,-0.33270,-0.24880,-0.19020,-0.30100,-0.18620,-0.11890,-0.10270,0.05000,0.11000,0.53431,0.50151
2006-11-06,1379.78000,0.22180,0.45330,0.29110,0.03360,0.02700,0.02960,-0.09670,-0.02220,0.01940,0.01000,0.11000,0.56824,0.54411
2006-11-07,1382.84000,0.20830,0.67110,0.37560,0.27360,0.07140,0.05960,0.05720,-0.05680,0.00500,0.02000,0.11000,0.51746,0.46246
2006-11-08,1385.72000,-0.53330,0.21450,0.51630,0.33340,0.26030,0.09430,0.08090,0.07620,-0.02710,0.03000,0.11000,0.51423,0.45266
2006-11-09,1378.33000,0.18650,-0.16320,-0.03500,0.25390,0.15950,0.12740,0.00410,0.00360,0.00800,0.04000,0.11000,0.49083,0.44873
2006-11-10,1380.90000,0.25490,-0.17470,-0.04680,0.02030,0.24030,0.16390,0.13580,0.02690,0.02400,0.05000,0.11000,0.46374,0.44873
2006-11-13,1384.42000,0.63560,0.22020,-0.03140,0.02860,0.06710,0.24260,0.17690,0.15070,0.05230,0.01000,0.11000,0.49847,0.50151
2006-11-14,1393.22000,0.24040,0.44350,0.35810,0.13550,0.14990,0.16180,0.29860,0.23420,0.20460,0.02000,0.11000,0.44218,0.49279
2006-11-15,1396.56990,0.22840,0.43550,0.37540,0.32830,0.15650,0.16500,0.17310,0.29120,0.23490,0.03000,0.11000,0.49037,0.44873
2006-11-16,1399.76000,0.10290,0.23390,0.36610,0.33840,0.30810,0.16850,0.17410,0.18000,0.28410,0.04000,0.11000,0.50159,0.44873
2006-11-17,1401.20000,-0.05000,0.16530,0.19010,0.30010,0.29100,0.27370,0.15900,0.16510,0.17130,0.05000,0.11000,0.50656,0.45398
2006-11-20,1400.50000,0.16490,0.02640,0.09350,0.13000,0.23000,0.23400,0.22720,0.13270,0.14100,0.01000,0.11000,0.48925,0.44873
2006-11-21,1402.81010,0.23380,0.05740,0.07250,0.11130,0.13700,0.21910,0.22410,0.21940,0.13630,0.02000,0.11000,0.48821,0.45082
2006-11-22,1406.09000,-0.36560,0.19900,0.11620,0.11280,0.13580,0.15310,0.22110,0.22520,0.22090,0.03000,0.11000,0.49647,0.47792
2006-11-24,1400.95000,-1.35550,-0.06630,0.01070,-0.00450,0.01700,0.05210,0.07880,0.14760,0.15930,0.05000,0.11000,0.50543,0.48155
2006-11-27,1381.96000,0.34440,-0.86710,-0.49770,-0.33160,-0.27520,-0.21210,-0.14920,-0.10060,-0.01960,0.01000,0.11000,0.53659,0.44873
2006-11-28,1386.72000,0.92020,-0.51400,-0.46450,-0.28860,-0.19750,-0.17280,-0.13330,-0.08810,-0.05170,0.02000,0.11000,0.55284,0.50665
2006-11-29,1399.48000,0.08220,0.62880,-0.03530,-0.11870,-0.04770,-0.01220,-0.01760,-0.00250,0.02310,0.03000,0.11000,0.51746,0.50151
2006-11-30,1400.63000,-0.27990,0.49680,0.44590,-0.00570,-0.07830,-0.02600,0.00130,-0.00510,0.00690,0.04000,0.11000,0.50665,0.45805
2006-12-01,1396.71000,0.88850,-0.09900,0.23800,0.26420,-0.06090,-0.11210,-0.06240,-0.03390,-0.03570,0.05000,0.12000,0.48887,0.44873
2006-12-04,1409.12000,0.40030,0.30260,0.22920,0.39960,0.38840,0.09760,0.03100,0.05640,0.06850,0.01000,0.12000,0.51746,0.44873
2006-12-05,1414.76000,-0.13150,0.63920,0.33480,0.27180,0.39940,0.39010,0.14110,0.07750,0.09490,0.02000,0.12000,0.51746,0.52808
2006-12-06,1412.90000,-0.39710,0.13370,0.38210,0.21780,0.19080,0.31040,0.31510,0.10670,0.05400,0.03000,0.12000,0.44502,0.45797
2006-12-07,1407.29000,0.18120,-0.26490,-0.04320,0.18750,0.09460,0.09250,0.20900,0.22560,0.05030,0.04000,0.12000,0.45352,0.44873
2006-12-08,1409.84000,0.22700,-0.10860,-0.11630,0.01280,0.18610,0.10900,0.10520,0.20550,0.22060,0.05000,0.12000,0.50018,0.46844
2006-12-11,1413.04000,-0.10470,0.20370,0.00330,-0.03050,0.05550,0.19290,0.12580,0.12040,0.20780,0.01000,0.12000,0.47617,0.51061
2006-12-12,1411.56010,0.11690,0.06090,0.10080,-0.02380,-0.04540,0.02880,0.15030,0.09690,0.09530,0.02000,0.12000,0.46630,0.47510
2006-12-13,1413.21000,0.86890,0.00600,0.07950,0.10480,0.00440,-0.01830,0.04140,0.14610,0.09910,0.03000,0.12000,0.51746,0.44888
2006-12-14,1425.49000,0.11220,0.49070,0.29290,0.27630,0.25730,0.14850,0.10850,0.14480,0.22630,0.04000,0.12000,0.51746,0.50151
2006-12-15,1427.09000,-0.32300,0.48660,0.36410,0.24750,0.24330,0.23290,0.14320,0.10890,0.14110,0.05000,0.12000,0.51746,0.52321
2006-12-18,1422.48000,0.21580,-0.10560,0.21680,0.19200,0.13300,0.14850,0.15310,0.08460,0.06060,0.01000,0.12000,0.39155,0.44873
2006-12-19,1425.55000,-0.14170,-0.05410,0.00140,0.21650,0.19670,0.14670,0.15810,0.16090,0.09920,0.02000,0.12000,0.49922,0.44873
2006-12-20,1423.53000,-0.36740,0.03690,-0.08330,-0.03440,0.14490,0.14020,0.10540,0.12050,0.12720,0.03000,0.12000,0.51746,0.50151
2006-12-21,1418.30000,-0.53160,-0.25510,-0.09800,-0.15450,-0.10100,0.05960,0.06770,0.04630,0.06620,0.04000,0.12000,0.49831,0.49735
2006-12-22,1410.76000,0.43520,-0.45140,-0.34780,-0.20640,-0.23000,-0.17270,-0.02460,-0.00700,-0.01780,0.05000,0.12000,0.48582,0.44873
2006-12-26,1416.90000,0.70150,-0.04950,-0.15610,-0.15260,-0.07860,-0.11960,-0.08640,0.03250,0.04180,0.02000,0.12000,0.56958,0.51233
2006-12-27,1426.84000,-0.14790,0.56550,0.20070,0.05830,0.01820,0.05120,-0.00250,0.01190,0.10650,0.03000,0.12000,0.51746,0.50151
2006-12-28,1424.73000,-0.45130,0.27460,0.32730,0.11320,0.01690,-0.00960,0.02260,-0.02080,-0.00590,0.04000,0.12000,0.51746,0.45851
2006-12-29,1418.30000,-0.11990,-0.30040,0.03280,0.13260,0.00000,-0.06140,-0.07290,-0.03680,-0.06870,0.05000,0.12000,0.47236,0.44873
